ssn,first_name,last_name,salary,bonus
955360239,Kenyon,Woffinden,105564,17253
580565071,Collete,Ledes,72562,29414
811419428,Maximilianus,Threadgill,68296,5505
826019661,Jedidiah,Goulbourn,74837,29507
643787433,Emmery,Bleakman,148642,28905
925064165,Derward,Matfield,114655,13701
860632203,Loreen,Brimham,54953,29833
785899341,Marjy,Duchateau,64006,27431
828154296,Kevin,Rain,148715,13228
952474969,Maisie,Lavielle,46363,13450
817368167,Sibley,Epelett,119084,20184
765098711,Jeromy,Cornbill,56389,12935
626007638,Emylee,Skillicorn,50658,11360
793560717,Alissa,Bain,96295,26780
933568514,Joey,Tite,71758,15030
787951674,Kingston,Gooms,129088,11747
897233091,Bernete,Kings,89130,22941
793930908,Aleksandr,Tunney,143734,9028
534942128,Emmery,Timmins,123868,19301
610831035,Lorelei,Durnill,104025,20417
890261930,Prudi,Dumphries,55079,24167
567628883,Rosina,Tomasoni,42124,26234
904793507,Jackquelin,Wright,63919,6221
773006953,Carter,McMurrugh,120727,25260
673262385,Geno,Osbaldstone,53905,5255
917151252,Bamby,Heady,91972,11488
603010061,Livvie,Barrington,43989,16381
536930527,Grange,Mulvany,53984,11274
576093821,Fairleigh,Beckinsall,68258,27923
561958797,Adolf,Eccersley,80965,8241
979724208,Jacques,Greensted,57348,21446
727022383,Earvin,Blois,118322,9540
634372854,Gannie,Pizer,133366,20663
783505631,Lyndsie,Millen,90878,16280
917838276,Amata,Batteson,50415,19239
540888510,Dianemarie,Springett,136195,21433
663950034,Eben,Salter,116033,11296
965981796,Timothea,Meatyard,135974,20428
569417845,Derrik,Rowney,81872,26684
890337276,Karylin,Bolstridge,127227,13375
973530194,Lindsay,Quimby,52372,26766
969111117,Silas,Petrello,78677,11457
617912967,Goldi,Fideler,123446,13904
901429873,Kathrine,Tilston,131465,8235
788261685,Jaclyn,Ginie,122160,26403
806401067,Gerda,Gland,141802,25459
698082673,Wayland,Crowcombe,53106,26542
605396511,Gray,Grimbleby,44129,7751
832470953,Babb,Hurles,125356,17320
530129549,Cash,Lavin,123985,28085
662137179,Thorndike,Rossander,72980,22223
777144714,Marillin,Rudgley,118416,6431
781027602,Regan,Goadbie,57374,23668
721209526,Jacques,Beebee,128048,29689
646734307,Austine,Beange,69037,8479
899479260,Peggi,Sissel,123247,29243
589904095,Violante,Birt,41315,12169
644080355,Vivia,Ginity,65200,29343
848273264,Myron,Pratley,47015,17536
999193622,Dreddy,Oene,74308,23491
979560579,Hamil,Ruston,57097,15428
927402177,Robyn,Wakerley,54625,21329
525152208,Bette-ann,Snoddy,61992,10072
919725862,Curry,Pacey,122414,16005
691325519,Camile,Bergstram,85142,21466
622080344,Charil,Reinmar,82449,9628
685539475,Hermia,Wardingly,40520,22920
607561693,Rowan,De Mitri,115741,8792
783559636,Eduino,Ellerker,49357,17834
757228533,Lurette,Braganca,84018,8946
991403874,Guinevere,Willishire,126996,17655
923554686,Diannne,Ballinghall,139775,27250
923696236,Myriam,Lamplugh,116349,8680
988110055,Etheline,Trittam,127105,25449
966231365,Mark,Brazil,83083,26408
582251282,Marysa,Carlos,43022,9514
868515345,Rosabella,Donald,77393,18647
626667007,Justinian,Darrington,145989,7221
993764609,Loreen,Towsey,98531,9796
987725906,Rozella,Jellybrand,106191,14470
561052573,Easter,Onion,134517,27579
963977420,Kylen,Fidell,123859,29182
962744825,Carver,Vincent,144576,19843
760054881,Milicent,Critten,132493,13530
636385539,Laurena,Scini,141275,14477
718168132,Candy,Almey,85472,16732
953917298,Hynda,Raper,118666,16914
997306044,Daisie,Stebbin,91024,11132
685002197,Fernando,Fronks,88062,19859
660352473,Rora,Joska,49573,25886
586195120,Barth,Olekhov,123447,16469
647704846,Zorina,Lindegard,126833,17169
958613241,Hunter,Biagi,84233,16852
883921021,Florry,Undrill,83235,25287
972594704,Tori,Glinde,107259,7809
797971202,Fredrick,Rhys,142209,15445
663430345,Richy,Locks,66214,7443
814500830,Sammy,Janicijevic,107393,19022
826383972,Ruperto,Kaaskooper,68603,20401
540616580,Orlan,Silverton,139370,21383
993668938,Leigh,Oxtarby,128301,6064
717852958,Karisa,Atmore,104094,19878
519540436,Amandie,Sidary,117370,15751
593946903,Shaina,Roseaman,106659,26509
701349235,Tabbie,Scobie,79309,17065
744214516,Ber,Spybey,87279,22901
566009292,Torre,Hunnisett,131714,11168
737878948,Sherwynd,Emmines,146937,14834
904874085,Cara,Shafe,113345,20037
585747920,Stepha,Fehners,78715,15754
793058692,Dillon,Puffett,57945,15630
723905291,Hiram,Barnet,147916,21639
939216836,Drona,Fasey,97876,26030
991171137,Twyla,Kasper,147124,17983
821881525,Templeton,Hubery,91912,14805
826875338,Luciana,Fulton,53860,28305
572403253,Evin,Hamlington,67169,26204
862018650,Skipper,Lichtfoth,120152,29507
782063338,Titus,Sands,45185,5980
732782046,Arabela,Joynes,124832,23366
565577921,Vanda,Hall-Gough,68185,18719
646559740,Laurena,Caldecot,88471,24294
859589320,Alix,Jendrich,108379,12139
991641241,Burty,Donavan,47641,25908
874776679,Alidia,Coggings,98751,15645
930321418,Luce,Skeemer,124293,16670
746098178,Raddy,Elvy,117582,12191
606981567,Bryna,Mussen,54189,6910
848449644,Wanda,Shipway,35762,22787
560670524,Athene,Digby,132498,24394
812927407,Alon,Tourne,82637,22051
984815768,Ruby,Iacivelli,90298,14672
926511006,Susanne,Keeling,88172,22413
909141927,Ricki,Powling,149207,13755
966180214,Marchelle,Akerman,121749,7363
986662766,Christoper,Bragger,67081,18687
642169248,Emmaline,Osbidston,100216,8151
614505969,Cob,Paylor,117314,9985
619250125,Brady,Weyman,140891,8942
818977638,Broderic,Nunnerley,146819,14203
985961738,Anne-corinne,De la Yglesia,73360,13070
577175575,Tobe,Pover,122827,6754
549455698,Berrie,Keaves,61089,9884
956667762,Nico,McKeney,44419,21060
916475267,Rafaela,Bradlaugh,50262,25946
944883652,Anneliese,Dundon,44782,10768
767580586,Lonee,Ocheltree,53768,8967
700847019,Mae,Nare,82534,6504
960297978,Rodi,Mannagh,35307,29991
817275422,Lyon,Flay,68843,18319
751890570,Arley,Ohms,144815,20545
851849810,Ann-marie,Brecknell,66046,10359
505100900,Alonzo,Gerlack,53589,28656
954313588,Alla,Samwell,37285,6241
642261151,West,Crumpton,95656,8280
898034710,Levin,Follis,100387,9377
631478057,Pietro,Delafont,68031,7770
830213790,Gilbertine,Ivanets,119141,23388
766989624,Leticia,Stoddard,46539,29020
707223577,Iolanthe,Ackland,96086,24479
627719609,Vincent,Geleman,108609,27779
559794853,Trudi,Creed,69568,12889
502483133,Gabbie,Gason,76606,9789
702606471,Purcell,Smeall,58207,13686
959985967,Jacenta,Dorset,67132,17970
775350734,Enrico,Bedome,47045,20343
926578622,Ana,Duffrie,65263,5476
823237061,Thelma,Tregea,114021,23309
940103965,Carilyn,Greenset,109635,10954
839769318,Abbie,Oultram,57009,8067
656627351,Ciel,Delagua,39736,8560
696157334,Dedra,Scudamore,88514,27969
965394505,Linnie,De la Yglesias,140239,10373
827985138,Cairistiona,Momford,147112,27071
982326537,Shela,Bartomeu,80532,20582
589830978,Quincy,Clawe,59239,6600
554623873,Addia,Gartin,117709,27080
959442819,Kendricks,Dabourne,74318,20321
690121998,Theressa,Scoles,72830,7242
799930957,Ramonda,Brigge,140068,6244
702988954,Lin,Pryor,68651,27356
892445668,Janel,Bolstridge,82794,17380
520331388,Garnette,Lindblad,43646,22349
535034204,Astrid,Domoney,68224,23252
532766488,Lorin,Wadeson,74130,5790
964526371,Melitta,Dunford,37698,6586
792901514,Christophorus,Caddens,109567,5799
984375305,Fara,Benedtti,143290,14485
772437914,Arnuad,Dye,38769,16144
813586789,Modestia,Edling,81361,26005
938650010,Lin,Givens,74690,13760
724044527,Clerc,Proudman,115503,15270
906263374,Marylinda,Luckie,137077,10333
575694806,Corabel,Vaugham,136314,21222
898412500,Rusty,Brecher,83776,22490
988095107,Samantha,Scotchmur,105250,7736
526807009,Arch,Romaynes,76103,8249
754364128,Gwen,Starling,71240,26408
940768650,Inglis,Kunze,96399,12547
632481091,Davita,Kenafaque,130153,18021
778513646,Harmon,Kann,147184,7295
576294329,Myrlene,Pleming,142988,27705
659078858,Maurizia,Jurkiewicz,124507,19391
699018730,Cordie,Landre,73934,29277
936375253,Hasheem,Demogeot,61470,18482
969992953,Eydie,Bufton,65064,16984
714924169,Lance,Klosser,133361,8014
867007235,Etan,Mapledoore,117067,26770
724349436,Lorne,Corrane,61170,11779
752082675,Mose,Reddihough,148498,19524
810129396,Marylou,Feldmann,44432,15942
754734435,Spike,Marielle,60510,16538
959409305,Meagan,Lease,83770,8280
883772054,Phylys,Isacke,138515,25666
530866341,Eli,Paulmann,44227,8618
834497277,Gunther,Atyeo,108536,23747
560155358,Mariya,Marnane,56209,12695
986572169,Whitney,Burgane,92878,17357
748662752,Walker,Wearne,121294,18669
671578610,Claudie,Turmell,139652,24110
901053627,Sofie,McGibbon,113028,28623
718481924,Shandy,Bricket,35240,21923
611805059,Woodman,Beccera,80724,14391
962473635,Christiana,Bourgaize,100886,5790
888428198,Kimberley,Royal,104542,16435
878639299,Delinda,Hambly,145160,17480
749774139,Mikol,Figgess,117701,13742
622757290,Else,Easen,103946,16747
552834395,Tresa,Samudio,54403,5485
824456523,Eduino,Chetwind,64294,23169
931093687,Ax,Russilll,129604,20015
754271027,Benedikt,Patty,64519,21397
700170756,Albertina,Crumby,72063,26497
716581707,Matti,Crake,141482,10234
731613069,Kevin,Tilliard,83915,28103
808275824,Heddi,Sabbins,107602,12347
608735936,Cad,Andrioletti,81473,27324
751351970,Royce,Monroe,149094,19693
884815053,Joletta,Elmes,51912,28033
651490562,Duke,Sheron,125680,22567
644993145,Joell,Tootell,60617,18268
688906230,Caleb,Strangeway,91824,18277
591703361,Catina,Brimicombe,86182,23011
879961119,Ernie,Ungerer,137617,16330
969852964,Sophi,Josum,123316,6338
564703143,Pavel,Monan,70731,17710
549437107,Elijah,Wadie,148030,18938
769832917,Fayina,Giddins,124272,18371
560029156,Nikolaos,Gallemore,59322,8183
761166088,Dotty,Meadley,100732,13411
650486133,Jozef,MacKaig,82456,11390
777283593,Briana,McAdam,78434,19960
636617281,Joice,Shimwall,45143,20194
933957486,Geordie,Cayton,143210,9928
556456645,Noak,Girogetti,130633,29002
601692497,Pamelina,Van der Kruis,47142,12046
749290110,Aindrea,Lambal,42948,11739
903637193,Tedie,Pettus,74394,14592
726421246,Tanner,Sherborne,114531,26345
512093760,Ulrica,Spurgin,58748,18506
873175657,Aleda,Larkings,115062,15006
734634326,Maximo,Samett,41159,19806
655533207,Annmaria,Thiese,140705,18342
647046190,Marin,Yglesia,76637,29590
504993754,Hamish,Dillet,79834,21240
769837510,Milly,Brandin,48295,21170
917444338,Ferdie,Klimontovich,38630,8001
972058133,Alick,Goudard,93803,17125
579839512,Iggy,Harriss,37741,13325
690987666,Mollee,OFlynn,35128,26178
663670908,Ginni,Staneland,82443,5153
718668988,Waverley,Bougourd,93929,19161
704334084,Merrili,Gerssam,123359,7418
819863851,Elijah,Jahnisch,97468,14997
945542159,Kylie,Grenville,127251,14323
572074445,Luke,Leyden,80112,17808
954456156,Law,Benstead,110576,19300
918595627,Sheridan,Sillitoe,67197,11225
916711206,Cullan,Meardon,116946,8185
540507915,Gerard,MacKnocker,122634,18331
757102160,Baldwin,Corbyn,114392,27232
791795063,Lucie,Von Hindenburg,122632,23788
981655372,Xerxes,Dominichelli,118527,17843
819993759,Tybalt,Garlicke,66394,27685
781378363,Ara,Hulett,96605,17803
904362011,Torrence,Maulden,130108,13715
868375606,Dione,Scotcher,64584,16040
744991642,Corenda,Purviss,110325,5480
878565049,Estrellita,Geldeford,107571,26649
747094082,Leesa,Oxtiby,116315,5566
916095657,Lucias,Glasspoole,111386,15133
665883685,King,Grunson,128159,13702
628326112,Pippy,Liddington,77773,16584
982476959,Daria,Giabuzzi,145815,18140
656537508,Kikelia,Josiah,122815,26648
989495197,Ferguson,Neiland,55620,21512
911919133,Jere,Jagiela,74551,15248
812501754,Rosemarie,Petruk,126607,20326
670814608,Garvin,Goodlatt,87611,28270
620771996,Johnnie,Cruickshanks,45258,11667
591212865,Elfreda,Petrelluzzi,66724,25852
838179221,Tatum,Lambe,77957,23323
827198785,Alex,Audus,117312,24020
967054750,Kristoffer,Fromont,44823,21558
659528690,Andra,Coules,62764,9916
816641096,Alyosha,Abbett,76097,29406
571188341,Agna,Reisen,123475,12310
973707757,Dalenna,Marnes,66963,24080
996935264,Clem,Tague,65180,21933
843256555,Valida,Gowdy,63660,21936
742722674,Joela,Renard,71626,11405
863138490,Jackie,Kivelle,106694,15084
664006529,Brock,Reynolds,50495,27316
956143519,Chane,Coultar,44504,8970
742475519,Ezekiel,McGarvey,58120,12382
986153355,Deidre,Nutley,96602,27668
677626158,Pietrek,Drewry,131730,27182
534360593,Vale,Dragoe,103860,17917
527982974,Heloise,Petow,82950,13423
853113428,Linette,Mennithorp,125836,29107
775933828,Gage,Poupard,79472,13381
653215115,Koren,Burroughes,72935,24955
804926751,Keely,Doggerell,109127,27526
656009248,Levey,Skeldon,85315,22666
744631164,Toddie,Hommee,79300,20668
859369239,Constance,Weatherell,135291,20931
871766875,Pamella,Nise,135383,16247
695208434,Say,Duny,110891,12126
742084808,Audre,Ovett,117402,27315
603624747,Ginger,Butting,51873,10678
552056787,Joby,Voysey,69267,17770
697898773,Lulu,Wakes,76398,22565
639551898,Monro,Frawley,81744,9711
906952608,Cherin,Chinge,147199,14695
828567070,Josephine,Jonah,108003,10332
909160469,Cam,Huttley,146312,10914
601540553,Patric,Van Haeften,132663,25551
950832571,Howard,Waszkiewicz,48835,7449
517459364,Stanislaw,Daville,110573,29806
745465068,Kassie,Filpi,53783,19060
575454183,Christabel,Guerrieri,72477,13072
675006151,Mac,Keep,76225,23028
783560943,Ulrica,Whitney,148783,12892
834605694,Wyn,Elstob,141140,16972
928690945,Agnes,Grishinov,52005,13287
783051497,Skipp,Jickles,79308,6535
807866903,Marleen,Tavernor,39177,18700
807613836,Cammi,Drever,76033,27387
740383713,Fidelio,Rea,114149,19567
561030893,Modesta,Coughan,82223,5802
820197286,Judah,Starie,57994,9533
944861616,Alysia,Janos,75330,10820
641659031,Prescott,Jirek,54880,21904
938289254,Dewey,Jozwiak,148727,28315
790098593,Carmelia,Fiddyment,77650,20675
807922664,Jess,Chalfont,124198,22269
678965618,Sybyl,De Domenico,88788,11091
977450218,Sarene,Wolseley,60263,26992
601010127,Alvin,Atherton,113240,7319
643128504,Morganne,Lawlee,97766,29418
696081946,Babbie,Bleier,115632,25039
699620563,Clayson,Lockett,40172,18225
507034294,Arny,Kynman,140670,26529
920746226,Rudd,Crissil,58794,22426
710076094,Cristal,McCunn,129510,21086
573859247,Otes,Mereweather,87197,22692
801217332,Waylon,Burmingham,55859,24516
667704118,Kippar,Klawi,87037,21153
969747635,Micaela,Worters,141865,17636
621518673,Georgetta,Burditt,132807,17041
645033654,Gabriel,Cheeseman,100591,5184
743502147,Allene,Woodruff,85254,29685
827318669,Vikki,Ollivierre,141202,11230
709055153,Darryl,Dentith,80566,8752
790306542,Jeralee,Aris,63529,25933
506634353,Archie,Wisham,81515,19019
653196698,Nicole,Beaushaw,52683,23234
902875076,Gratia,Epperson,143769,6953
884430296,Dorey,Clough,59690,17696
829132241,Yvor,McVrone,112855,18616
748485833,Ulrika,Niemiec,84081,6503
755011455,Delilah,Marsham,73644,27209
908619156,Lauri,Kordovani,124579,18233
513207995,Chryste,Parcells,120264,10873
541146926,Cicily,Satterfitt,53736,13901
645978393,Reagan,Spofforth,111880,14329
718453008,Nissie,Frankis,124390,14851
761422890,Rae,Papaccio,99753,11926
812731237,Elton,Dacres,132030,9507
527981177,Dean,Engeham,137567,23508
964031391,Ferdie,McCole,133527,19125
582017494,Reed,Frizzell,103863,22495
952830022,Carl,Theis,138788,8246
532430649,Coreen,Dance,109406,16096
530790985,Leena,Buckenham,112860,6133
717893627,Maris,Lidington,63745,20475
680967403,Rozanne,Gosnold,133756,28496
894343984,Stafford,Rivilis,59604,5274
765165544,Vito,Gopsell,98667,10609
752859136,Alex,ONowlan,44611,15206
775253951,Stan,Blunkett,116451,29791
692287402,Oralla,Cleatherow,106680,20193
971126272,Lucila,Stichall,61035,20351
709035332,Lincoln,Defries,41503,20061
718296187,Ezra,Robelet,79356,21944
659778106,Pippa,Matuszak,74632,18624
690457471,Sutherlan,Lilliman,147070,24244
752161362,Madelena,Kiloh,142658,22153
832200559,Leoline,Allbut,63629,25993
692169344,Dyann,Ferie,87613,8702
803682054,Laurette,Dufaire,146788,21163
718940539,Helga,Newlan,122533,22256
773473137,Tricia,Kirkwood,37950,7134
562219752,Lilas,Stribbling,63148,29031
946940251,Aggy,Franzen,82829,5001
627993133,Trixi,Robilliard,78088,13748
665751208,Murial,Maffi,113745,26566
817629915,Emile,Gue,92728,18201
976113445,Fernando,Lewsley,117800,22117
924736224,Salim,Dagwell,138391,12291
989718988,Janos,Bingell,38502,16791
671228409,Reggy,Restorick,75881,10757
854543780,Thor,Niaves,116494,22705
769396072,Manya,Trappe,85539,17306
610379201,Kendricks,Vanyard,126109,11589
909051230,Sherye,Lisett,144786,19661
941726609,Nert,Giacubo,118917,25534
656460992,Arvie,Kalinovich,45215,22941
983166399,King,Flahive,90938,28051
838205998,Ruddie,Coates,117383,15967
588204224,Julina,Tinston,145395,24209
722141096,Patience,Etty,119943,5712
862340907,Ulrika,Chellam,52680,25409
990656210,Chester,Livezey,95242,13035
879225613,Ashleigh,Leates,135035,9357
677858195,Aviva,Comusso,87125,7892
720539878,Jake,Morcombe,98585,24286
566883334,Cletus,Blois,40334,14873
663605563,Zandra,Milson,92214,9833
620550904,Nada,Greger,95630,8654
521957584,Tarra,Hoston,65649,13175
543565127,Carree,Authers,125978,26013
702917407,Rasla,Limbrick,119293,18998
835743861,Collen,Sabater,123877,22301
901391053,Chas,Forshaw,107251,11268
782019155,Ethelind,Edwinson,57422,11336
704260772,Lezlie,Rosell,126759,20392
626247883,Cherida,McDowell,83287,24557
696543250,Dirk,Franschini,106202,19238
729746558,Elston,Shambrooke,131725,28555
953303915,Colman,Sharman,146038,11143
876476820,Melonie,Battelle,42416,18500
843976777,Hendrick,Addess,138604,17549
928665640,Antonella,Paradine,140173,26529
962563359,Maryann,Lathwell,112437,14987
952252319,Idell,Bunting,106457,5324
817286460,Ludovika,Ivanyushkin,143413,21943
641325233,Alphonso,Vedenyakin,76871,20997
505978201,Korry,Deere,63434,11177
636088166,Katuscha,Sanger,81588,24210
750775363,Ingar,Camings,56754,18321
831625827,Kendal,Shay,149607,14311
698615675,Dulciana,Hatcher,136288,27792
634515614,Cullen,Fenkel,81932,5468
852503934,Dallon,MacCumiskey,101133,21550
909353166,Torrie,Bowness,147080,23314
961465860,Lyndy,Britner,102872,19511
510726553,Mervin,McGucken,59498,24078
567142681,Milly,Stronough,80009,22604
569213233,Bertine,Lugg,88169,7242
562813498,Briney,McKinley,85187,26744
914712941,Nancy,Severwright,53858,19390
822214570,Graig,Butters,108206,15830
649482336,Linoel,Dowdall,57527,27762
770127937,Joy,Butterfill,66767,8011
511173563,Lynde,Beddie,126396,27510
795748275,Kaela,Lippett,85946,19567
543482004,Edee,Jurek,41962,29417
537788697,Karly,McKinley,77445,21289
546698249,Freeland,Profit,109159,8575
721553974,Hamil,Rosellini,72697,24980
816638033,Arney,Anster,58491,15056
604646666,Morganne,Acom,148285,17924
968997748,Vasili,Lund,127089,8844
803055777,Kizzie,Pedrocco,81880,9911
739356770,Freddy,McPhilemy,115973,21025
906106675,Laurianne,Mossdale,147903,18576
976909902,Winfield,Biasini,61740,12250
641256985,Anita,Minchinton,134438,15086
857192416,Micki,Bachelor,122306,9315
706203862,Curt,Jubert,101469,14618
800102829,Rebekah,Olenin,74459,12212
716386846,Benny,Baversor,53055,8617
652469761,Nancey,Sworne,127171,29844
834232997,Cletus,McClure,149063,21417
529719868,Norina,Beldon,109982,26920
726580094,Adrianne,Godwyn,108248,13631
565541116,Cinderella,Glentz,51788,17967
524133246,Anastasie,Blood,86031,15068
757938537,Andrej,Galtone,92569,8304
998608097,Niels,Keming,101557,21201
894634043,Pate,Robbings,123266,25820
801313910,Sherye,Lindeman,65701,11925
533559078,Meade,Crimmins,43731,20625
829264081,Anastasia,Wight,86086,7983
956299226,Bail,Dragonette,42457,12033
625640465,Christa,Harold,104768,23787
735665560,Crichton,Jaqueminet,57175,16132
955755311,Rodolph,Gerardeaux,138850,27213
520168723,Lindy,Lewsie,147743,7655
505444558,Shayne,Gianelli,116914,23871
724195380,Benson,Trubshawe,81057,11174
966043172,L;urette,Brawson,38872,22438
895156980,Barde,Dickins,51638,19109
519850024,Marje,Blood,84421,7044
660648453,Chelsae,Ivakhin,131441,18558
874575646,Joanna,Castenda,107230,7039
514245695,Damian,Larrat,44097,17176
937085719,Wake,Le Grand,96374,10446
783246251,Anastasie,Fettiplace,47424,12392
655989772,Ynez,Pessold,105689,27919
782599839,Gregor,Bransom,81973,23777
938827983,Mab,Vedyashkin,68913,19166
686314009,Philippine,Bliben,58954,29953
762098967,Pierette,Thresh,78189,27293
865741975,Reinhold,Dybell,147317,28286
991803940,Tish,Elintune,123493,22169
722729237,Susan,Patrick,135803,22656
851297876,Onofredo,Rennles,134691,15352
647359743,Harley,Joy,119032,19775
774312661,Ernesto,Sibson,141812,10414
966752686,Percival,McCahill,46377,7163
848219539,Blondy,McGrotty,55469,27297
893198068,Janine,Linnell,70512,21736
890027245,Skip,Dagnall,115765,9482
852447448,Celestia,Gregor,57096,26194
577910455,Dela,Carreck,59289,28269
656330587,Maddi,Colledge,66744,8293
555087368,Vallie,Belsher,99519,28317
934302359,Carie,Isaacs,85702,12670
518130511,Hilde,Mustarde,71593,20009
782925606,Marcel,Mugleston,116790,27793
656962969,Mortimer,Brewitt,119800,14231
948768795,Fowler,Hick,114161,8517
860517629,Ericha,Ponten,138574,20099
629276795,Molli,Kennaway,38246,27897
994020296,Lethia,Caines,58735,22652
921173042,Filia,Bratt,138688,19400
602670786,Peder,Algie,44723,14206
892588800,Coleman,Figures,82511,18029
704627811,Schuyler,Wann,124415,15185
585123625,Jolene,Ricks,50330,5146
997165435,Gene,Gathercole,63879,28834
924133247,Cart,Impy,37260,6020
644019308,Ophelie,Rodenborch,82080,29389
909796842,Leona,Tuxill,138734,14005
621065973,Hugh,Crew,146951,28594
882532155,Joelly,Hodjetts,75214,8898
894898443,Amitie,Bachura,89603,27130
643014825,Viviene,Warstall,137236,20208
543048387,Carney,Hatliffe,112165,24037
523201618,Julita,Rosie,120838,15804
706294491,Nickolai,Blakelock,106512,8117
888079657,Jessika,Callf,127927,12234
895308979,Lilia,Elcoate,111821,11156
582213132,Florencia,Gabotti,67111,20903
988199572,Danit,Petche,145437,29773
594996517,Zitella,Trappe,109515,23533
662178373,Willabella,Rolfi,58834,9220
705529319,Malia,Gulston,100085,16107
876736427,Salvador,Lynthal,130009,9154
815278794,Marylou,Oscroft,57477,17587
705998997,Alanna,Duigenan,147295,8882
717436752,Nicola,Plewes,88121,22924
643018376,Amandie,Slingsby,81232,29799
630616450,Elena,Scholig,43081,27414
943974738,Annaliese,Rehorek,146268,28964
728522477,Ranice,Limbert,118591,5758
519170066,Frants,Georgins,68469,10743
783576335,Jacki,Hingeley,36010,9190
962049341,Xenos,Ioselev,131922,28272
522984426,Mariam,Srutton,86974,26046
601303659,Cobbie,Dashkov,146395,19854
886588102,Lenette,Thrush,35955,28467
848085424,Forester,Wyleman,137178,9895
516525340,Mamie,Harvatt,94469,18304
914581144,Fern,Skells,133878,15185
646219445,Gleda,Garrad,73815,29585
507694405,Missie,Kelemen,88717,16534
690579949,Nicky,Glanz,67932,10400
662698011,Siouxie,Malcolmson,122751,25736
980539538,Adrianna,Weiser,59309,19704
636432272,Wilfred,OHanley,49889,24617
866083973,Giorgia,Simcox,94709,6882
608055588,Gualterio,Rewcassell,108081,12040
577938901,Deeann,Dymick,48033,11659
964171018,Jobie,Salery,122786,12543
849295367,Elysee,Bramwell,136637,27343
990448445,Maurise,Dace,69638,9874
643794198,Saundra,Maudlin,86190,21409
761868873,Mahmoud,Dragoe,60061,15101
860824602,Belicia,Copestick,63960,7575
703861922,Roderic,Simonsen,90293,24260
637649111,Amery,Peete,91456,7327
587236260,Peirce,Alderson,58148,6870
661244735,Keary,Balharry,35027,5241
680037816,Yoshiko,Clemmow,44966,9118
527778133,Turner,Schwandermann,103333,15647
661458946,Rinaldo,Cortin,102586,21749
698363505,Charlton,Saddleton,101197,14677
837595666,Dav,Haugeh,67978,11780
966270857,Merla,Leupoldt,137084,10325
974381250,Eudora,Bulgen,54139,20558
891432095,Kyle,Colvine,73138,18426
685409059,Franz,Burnep,106214,6365
905696807,Tuesday,Sinclaire,108908,9477
686312352,Alf,Rutty,48815,6737
554741193,Beauregard,Charlwood,103546,29112
637414067,Randi,Wildin,115289,16586
691884694,Karita,Aveyard,126013,5748
708960757,Shaine,Pennuzzi,123482,23487
846593227,Gardie,Vasilyevski,143921,19922
820826664,Tamra,Ninotti,140248,19870
815887376,Reid,Seargeant,84744,6127
988786208,Curtice,Samsonsen,141102,9752
990759723,Delmore,Clapton,116554,16908
576676955,Lek,Di Pietro,66191,29051
866593872,Baillie,Dennant,82217,17419
603489826,Hedwiga,Saill,78899,28615
641460259,Gustaf,Janaszkiewicz,44067,20410
830679573,Stanton,Shall,43549,10021
620386409,Mable,Pettecrew,112196,10928
997916712,Rickard,Enderle,57135,26202
527835990,Justino,Wark,131429,29386
883947896,Koressa,Fayter,73223,14278
970771104,Malory,Herreran,105664,29383
506401182,Gus,Tinn,48309,24432
630575963,Sylvia,Nipper,138620,17724
878459813,Robinia,Tidman,117871,20050
612468846,Virgina,Hinken,66938,8747
946008188,Vevay,Knagges,131757,13574
530351642,Alene,Milliere,73074,12187
863740723,Lynea,Mechi,51431,5891
512046038,Cleavland,Hardaker,127431,22233
530948129,Eduardo,McRuvie,90045,29255
659947041,Margalit,Point,44135,27492
708384086,Sharron,Westberg,50324,5367
550578078,Jennine,Beek,120682,28689
897113267,Yoko,Dyter,36072,7928
659036316,Iggy,Hessing,81498,16828
550016641,Eldin,Hitscher,149981,29623
614550247,Dix,Morrill,115937,12027
706305456,Julian,Goodge,84791,28198
784928376,Zea,Heskey,149639,10818
596852828,Creigh,Spivie,133665,14535
624739654,Marget,Eakens,97799,29555
631495806,Joaquin,Doncom,53204,15716
889363994,Hyacinthe,Mattia,65887,12056
851620150,Tobie,Robillart,105872,11384
516418042,Daloris,Madders,110716,17103
560760710,Debbie,Moles,139725,10259
851111701,Egor,Humphris,116457,19929
964420931,Althea,Scarlan,74274,6797
726377405,Pearce,Stannas,134220,7376
678429270,Elly,Camilio,148171,19271
557467060,Annabella,Duchenne,142106,10436
748153688,Tracie,Dorr,144949,18458
914157921,Jandy,Colyer,139096,16417
822087954,Audy,Trimmill,119132,6044
764023009,Ignace,Bayne,79978,15056
549502926,Lynna,Landes,50012,22826
944928922,Roosevelt,Bradburn,85848,6734
625191487,Jacquelyn,Chrystal,79213,17721
600821303,Ola,Twidale,36707,8305
540030114,Alfonso,OHalligan,141687,5467
792339371,Pietrek,Duny,108027,26126
933397526,Melonie,Ply,45772,26554
756756252,Neila,Valentim,129185,17400
775848127,Shayne,Merioth,51440,10595
560754243,Brynne,Klosterman,143828,29547
816817598,Aigneis,Muddimer,85227,18084
961482382,Lezlie,Rollinson,73225,27321
613486996,Tommie,Maddaford,114089,20279
739556659,Mike,Peegrem,122479,8168
870933447,Drew,Brennan,86593,16921
735713717,Gussie,Lampe,35442,28701
829629381,Lennard,Acuna,94897,5236
705118287,Jermaine,Beddis,121268,12845
960405428,Elden,Rubinlicht,87741,16757
698650765,Gerrie,Bahls,102635,25449
681339281,Darlleen,Olczak,144885,21892
952270105,Craggie,Doggrell,98906,8933
623886407,Cristen,Pranger,70480,15163
585674504,Latashia,Wiffill,45661,23009
815185593,Abramo,Lenin,35293,14747
683835279,Jeremias,Pinshon,56771,27519
575269253,Benita,Ochiltree,105561,15204
598997247,Sawyer,Szymanowski,116266,8009
787334817,Nedi,Worvill,117908,22953
954475069,Amby,Olivetta,91242,10708
620360428,Godard,Ricioppo,87566,10976
991106588,Bibbye,Padwick,105173,20175
597627878,Bernice,Brobeck,144698,8804
569099671,Gaven,Piggford,102492,6883
833499836,Olympie,Godfery,126158,12129
730010454,Fanny,Ruffles,45297,7480
805132089,Doro,Stidston,76194,23980
703401004,Stephanus,Chaff,36019,6614
546679422,Lila,Sanham,70524,25426
946778237,Jacqueline,Hamsher,51160,9164
758362105,Anabal,Fass,67721,13785
800765354,Quent,Blaskett,126332,19875
872552713,Jasun,Barbour,53424,11697
996072550,Julie,Wankel,109664,19255
546519343,Emyle,Simoneton,81900,6290
948479994,Krystle,Custy,80090,12458
614510428,Concettina,Elcomb,91727,25910
603734758,Emeline,Delamere,73926,18321
872856235,John,Dealy,139019,15714
720780040,Tedie,Braim,107920,5481
850322989,Mufi,Slograve,62146,24259
833981705,Hermann,Sitch,78958,28820
546350779,Dalt,McCurlye,44633,11284
507709245,Rosemary,Bart,129080,28092
922559555,Gabriella,Kinder,45033,13232
731417744,Maurizio,Van Merwe,104162,7320
751348332,Burr,Durman,90158,8724
859387101,Carolynn,Bringloe,97994,13586
758600238,Bayard,Calltone,59227,25939
538689658,Stan,Stebbings,106846,6938
828095396,Lanie,Haythorn,99808,9574
868089641,Gilburt,Cutchee,107042,27943
976947892,Francesco,Gogerty,58069,21439
883835048,Tamqrah,Gregersen,129082,28802
936211531,Leonora,McGuigan,147726,17014
599019170,Anissa,Rasmus,65934,17846
941430296,Alexine,Howood,112838,23031
540607702,Vassily,Brand-Hardy,112124,9906
986369364,Shepherd,Surmeyer,39001,25463
725936302,Raffarty,Bayle,37457,8499
907219502,Maddie,Murname,143103,20427
975511177,Ernestus,Pitrasso,145097,15198
524690512,Brinn,Rothschild,92009,25156
805275550,Siusan,McGrann,41284,18050
541876127,Artie,Brownlee,88051,7019
514999169,Ivar,Fuente,47977,10120
838960123,Barri,Ciobutaro,67063,6990
927307594,Rivi,Damiata,79500,29028
736811756,Levy,Curnock,137023,21881
830961144,Caspar,Le Merchant,112819,25440
636868327,Morty,Purkis,107775,8378
813216800,Aurlie,Garry,116188,10643
544714440,Rufe,Scannell,127706,27020
611332040,Iain,Pratt,121705,25146
724366154,Alasdair,Dingwall,37456,24116
760134794,Monica,Wilks,46185,24046
661255764,Keene,Dupoy,79466,18221
660132647,Nonnah,Treppas,122674,14144
916484153,Winthrop,Salomon,109008,13744
510180966,Nate,Noell,101652,23427
704819605,Sigismondo,Elegood,58317,28870
568357589,Robinet,Manhare,68191,5146
795313418,Lu,MacLachlan,48614,6324
737824331,Thorsten,Gobel,44637,27854
516083633,Xenia,Tryme,95679,19183
599657407,Hardy,Kubista,99845,25076
666865640,Tristan,McRory,53218,26880
894263819,Tandi,Drewett,62133,19465
531255964,Ripley,Girault,65870,15492
596264815,Crysta,Ingold,39770,18070
745679009,Wilma,Bidnall,39706,13921
559711718,Abdul,Havock,77886,21839
629679563,Willey,Rheaume,146801,20601
708265225,Gabe,Gotecliffe,139139,12468
602882040,Matilde,Uwins,88579,25436
641095944,Leontine,Conaghan,91354,27410
649426612,Darrin,Euels,112674,19828
578686153,Lindsey,Reily,89916,23519
882110797,Neila,Stoffer,38006,5306
851874639,Eileen,Orcott,147845,11024
964700915,Martin,Leinster,45493,7507
909252648,Demetrius,Roby,78171,29079
932954728,Tera,Gilardone,102573,23862
906735101,Eva,Wright,110313,15808
858919962,Roman,Mifflin,96133,26467
629780696,Cathee,Eversley,59745,14838
528684673,Juditha,McCarlie,80347,6363
870259541,Miltie,Assante,92842,23919
795174133,Nealon,Palmar,51806,9378
539674682,Linn,Doonican,54532,11908
584150479,Zaria,Joberne,98760,15824
965202486,Niall,Wickham,119007,29170
586852544,Kary,Sayburn,66624,5727
944232199,Gustaf,Curnnokk,104681,5638
957050047,Elvin,Spurdens,76765,28371
649089142,Ethelbert,Cloonan,146381,27084
866317722,Yurik,Linneman,42595,13016
947954513,Orelie,Dunkley,60523,25641
963023448,Gusty,Bartolomieu,69259,16206
621314851,Balduin,Worthing,135249,16845
806087517,Darryl,Sisson,51075,14014
953447640,Ilysa,Blenkin,145257,22395
706242193,Aurea,Dahill,88293,26128
726057075,Daile,Harmant,48073,26162
751294069,Johny,Ramm,134020,29377
643181746,Rosaleen,Kubala,63855,15033
914035341,Tamiko,Sirette,96798,19114
851478250,Finlay,Tinniswood,66085,26478
717621249,Bernetta,McCrory,143914,14288
999807445,Umberto,Eades,104543,28484
788292285,Kipp,Wakely,50179,21531
560724418,Fin,Pevie,38140,16932
728068957,Jake,Woodhead,109959,8858
735756686,Horace,Joerning,105273,19962
578184639,Orion,Ivanenkov,67934,10347
972403290,Bondy,Baulch,74234,29702
760141925,Ellene,Wilks,142312,8587
805548230,Ameline,Cheson,74458,19397
545902542,Jacinta,Collar,120751,28474
550531617,Trish,Reiner,91790,16716
892289432,Norri,Goggen,113051,14778
749648503,Benita,Lassey,93448,12295
922009849,Gene,Burden,47930,13814
527337361,Nisse,Cotterel,41821,16442
981611531,Rubetta,Hulks,41276,20808
708381723,Saunderson,Hair,54519,23229
974690700,Deeanne,Duffin,127350,14462
649815246,Leonore,Harford,76062,21846
729596484,Rowan,Castenda,71622,13888
511472101,Mab,Ors,74586,29074
550182917,Annmaria,Raftery,129402,7028
696616243,Berk,Daldan,147088,7233
644124784,Elle,Kemshell,43354,11167
762305836,Annabella,Josilevich,126930,5293
559456478,Tabbie,Cromly,39749,23657
926987291,Riane,Wardhough,134315,7150
666534880,Addia,Gateley,58256,16646
515863744,Valeda,Poll,35067,24413
956379895,Kippy,Fawdery,87397,22408
665939777,Timi,Schorah,74905,5289
531452817,Kaiser,Seleway,41417,13167
770745936,Orville,Petteford,123519,24761
712901376,Helaine,Frankham,56127,6328
662645924,Lou,Tilte,51001,24070
763809022,Yvor,Cracie,136621,9411
887623952,Yorgos,Shrieve,100630,18688
867855017,Colas,FitzGibbon,145095,8496
521663830,Nannette,Whiffen,61978,9217
647960201,Dunn,Checci,51076,6727
745360201,Anne,Crayker,119817,12065
850109834,Stuart,Ruston,62058,16857
865528427,Ferdinand,Nowill,64958,8761
768958933,Boothe,Jerram,102962,17708
630869523,Latrena,Staff,38905,8586
573001623,Ashton,Loughrey,38262,25417
507351290,Leilah,McGarrell,95819,21724
537205441,Krystal,Rowlands,67790,5137
936163097,Antons,MacAlees,88185,11002
600445844,Wilhelmine,Stratton,118078,20482
618019182,Marquita,Liddiatt,71805,29673
686952582,Elysee,Gosnell,76271,7349
686942080,Bartram,Wheeler,141685,7313
880088840,Dud,Monck,80532,12278
582612576,Clarine,Browell,87200,24719
947290329,Irita,Whipp,63664,24596
514811709,Steffie,Sheekey,124077,25545
972393521,Jocelyne,Dalrymple,94070,14581
852035547,Vicki,Christophe,124825,7107
792063863,Solly,Kattenhorn,95546,21662
873173657,Vernon,McGawn,142769,10710
805904415,Alexine,Westberg,43117,7424
867457662,Gearalt,Aubrun,47780,29435
723266070,Kain,Beaten,67684,17191
606779488,Greggory,Heap,79840,26981
893798879,Edan,Bluck,70791,19773
706122265,Cedric,Rawlcliffe,87453,21441
861726049,Kaitlynn,La Grange,106944,7607
696613414,Kenn,Pawlyn,61669,10316
684973558,Reinwald,Kanwell,115571,25745
932005555,Hube,Guiel,48956,16587
881458376,Jeffrey,Galbraith,65064,25492
910790704,Carmelia,Daw,61237,10578
520063473,Baxy,Donnelly,54542,17714
660309545,Lidia,Peris,115684,15829
649852237,Bernete,Genery,126927,28078
678252243,Lenette,MacNaughton,135632,8295
569776569,Maressa,Cornelius,55924,12180
677884522,Wood,Crosskill,121845,9088
613981489,Thorn,Chrystal,122408,18980
992953538,Golda,Magenny,142359,14714
956685173,Murielle,Madgwich,35956,12146
530438255,Tye,Fetherston,117089,7239
766354304,Jarad,Pairpoint,77314,19162
645288197,Crichton,Cockcroft,57535,7271
719584924,Klarika,Spurdon,55892,10385
522014183,Ryann,Venediktov,93987,23868
791088875,Rodolfo,Pococke,46633,11579
639415342,Ruprecht,Topping,138539,11661
527884790,Xena,Wreath,52594,9396
728747594,Georgianne,Lauder,57630,13102
954460705,Cass,Carlo,74759,13249
583318752,Burnaby,Annesley,103590,22518
767455690,Rowe,Archer,129063,6278
756916269,Elisa,Feldklein,77563,6510
891227393,Ardisj,Esposi,48903,29141
751351497,Weston,Nell,79493,8954
525558070,Ted,Starrs,87365,6502
682560158,Pamella,Solomonides,72055,24364
615965385,Mei,Dohrmann,71414,25875
517215203,Matias,Frankes,82745,6482
651227397,Layney,Dracksford,55148,17515
509676698,Ag,Whinney,140771,10286
835938150,Currey,Reolfo,119536,26285
770878102,Rinaldo,Divina,79353,18632
876810378,Clarey,Bartoszek,111882,7913
644726185,Ivette,Francey,134639,7662
644224876,Hilda,MacTerrelly,141831,22497
763245432,Augusta,Wagner,45302,28331
515466596,Agretha,Roughey,78412,15267
809985996,Dot,Strewther,87310,24451
660900159,Roseanne,Croot,145307,17366
908893461,Neile,Riccardini,109947,27051
642728150,Maurits,Peller,64119,25230
940200509,Marlee,Bolesma,95948,28359
511635555,Inessa,Gue,62681,14464
772719204,Kurt,Cushworth,147855,8584
566674511,Meryl,Greed,45550,27820
839292642,Boycey,Aikman,113826,11979
977410604,Dacey,Richardeau,42174,21637
938631999,Henka,Whitters,110247,15532
517196511,Bronson,Grishakin,75268,7200
868604593,Andrej,Kornousek,132974,24335
642001627,Siobhan,Wince,72371,29664
671780012,Albert,Durn,36059,22907
594709852,Farleigh,Roches,42826,25567
753938085,Derick,Roydon,56943,25303
649621982,Barry,Iuorio,99946,23779
769107266,Jeanna,Dunston,75945,11070
777613842,Humfried,Lawman,51385,21382
823207939,Levey,Muirhead,130360,13594
655280490,Abby,Izakoff,91553,9154
937736841,Eryn,Clemencon,73576,19416
905954414,Ward,Heavy,132037,17339
976739585,Larry,Wilcinskis,36359,7106
975125456,Kimmi,Basnett,45140,14877
511449792,Sancho,Reeds,47920,8797
652534405,Neilla,Karpychev,80108,14415
532344960,Cordelia,Ludron,111655,8875
815396748,Robbin,Ferrillio,55669,15464
659068735,Lishe,Beathem,104400,8057
885295861,Gregoire,Battams,78411,16861
951233241,Dougie,Sharrier,53558,24210
646957547,Tobe,McReedy,118900,23231
977989045,Ree,Coomes,70530,8811
620724105,Pauletta,Larrie,123355,7398
729689111,Hannie,MacAdam,62733,22254
532874759,Nadia,Ormes,139929,12834
672552760,Shayna,Ludlow,149840,12485
873346583,Celinka,Verdie,94825,18370
801549962,Tiffie,McConville,68455,27254
568512463,Kassi,Huckerby,106970,7773
913247559,Orbadiah,Inkpin,46926,5553
534944943,Sanderson,Dionsetti,130243,18603
995099323,Teresa,Kinnach,148285,22166
985262411,Brendon,Labrom,97221,16020
940362134,Norris,Bricknall,96112,17930
949413604,Etienne,Pantin,85896,18177
786719092,Paolo,Medgwick,103854,10908
974639949,Kania,Farnish,92899,5303
720245740,Vernen,Emby,68359,11594
540075232,Harland,Renard,105142,9928
649148336,Wilburt,Bennough,125755,11209
644475836,Pearl,Rome,35080,21669
661064488,Zea,Shoebridge,39668,15384
650435547,Bunny,Kleinhaut,53482,20677
740888795,Monica,Wardrop,144234,6697
735624145,Carolann,Tummons,79260,17944
900767890,Fred,Twining,71998,14098
625621996,Levey,Scopham,82075,6004
501667175,Lotte,Wodham,127315,24300
731680110,Hayward,Skryne,102356,14832
518645860,Teador,Mewis,85967,27576
768316739,Cordie,MacCurley,94453,26311
770081399,Adrienne,Frigot,75304,26093
632739188,Shayna,Fumagall,114332,8136
573798501,Lynelle,Sankey,62274,23899
868208397,Priscilla,Maxted,129490,27099
664684803,Laurette,Bale,99241,26576
570953516,Alley,Aronstam,55363,28473
530578015,Jenilee,Casburn,36967,11390
840990952,Nikolos,Areles,110552,20924
700953676,Andres,MacAndie,110474,15397
802655134,Dallon,Paske,109129,12717
529235679,Francyne,Bernhard,101494,12548
720206478,Margarete,Ravens,115659,12996
559790718,Jodi,Stapylton,143559,12934
942840652,Francois,Hazleton,80484,23278
573657132,Ronda,Gomer,56585,5577
951909006,Matteo,Pennigar,116372,25471
720469681,Felicdad,Andrichak,55506,6389